i,buildingsi.b_type
0,6
1,5
2,1
3,3
4,1
5,5
6,7
7,1
8,1
9,1
10,1
11,8
12,8
13,1
14,5
15,9
16,2
17,1
18,1
19,1
20,1
21,1
22,3
23,6
24,5
25,3
26,6
27,6
28,1
29,1
30,3
31,1
32,1
33,6
34,4
35,1
36,1
37,1
38,8
39,9
40,3
41,2
42,5
43,1
44,9
45,1
46,3
47,8
48,1
49,3
50,6
51,3
52,1
53,1
54,1
55,9
56,1
57,5
58,7
59,6
60,8
61,7
62,8
63,4
64,6
65,1
66,1
67,5
68,1
69,2
70,2
71,1
72,5
73,1
74,1
75,1
76,2
77,2
78,1
79,1
80,1
81,1
82,5
83,1
84,2
85,1
86,1
87,5
88,5
89,6
90,1
91,8
92,1
93,2
94,1
95,1
96,2
97,7
98,1
99,5
100,9
101,9
102,5
103,5
104,1
105,1
106,2
107,8
108,6
109,1
110,1
111,2
112,9
113,6
114,7
115,9
116,2
117,1
118,7
119,9
120,9
121,3
122,2
123,9
124,4
125,7
126,7
127,6
128,1
129,3
130,9
131,1
132,7
133,1
134,1
135,1
136,2
137,1
138,9
139,8
140,2
141,3
142,6
143,1
144,9
145,1
146,1
147,8
148,6
149,1
150,1
151,1
152,4
153,3
154,2
155,1
156,1
157,1
158,5
159,1
160,8
161,5
162,6
163,1
164,1
165,5
166,1
167,1
168,8
169,8
170,1
171,2
172,1
173,9
174,1
175,6
176,8
177,2
178,1
179,1
180,4
181,2
182,8
183,5
184,1
185,7
186,2
187,1
188,1
189,3
190,1
191,1
192,2
193,2
194,8
195,4
196,5
197,1
198,9
199,3
200,3
201,8
202,1
203,9
204,7
205,2
206,1
207,6
208,5
209,1
210,7
211,1
212,1
213,2
214,6
215,7
216,2
217,8
218,1
219,1
220,5
221,2
222,3
223,4
224,8
225,2
226,3
227,5
228,7
229,3
230,3
231,3
232,1
233,2
234,1
235,1
236,1
237,7
238,1
239,1
240,8
241,1
242,5
243,1
244,1
245,8
246,5
247,8
248,1
249,8
250,3
251,9
252,6
253,3
254,1
255,6
256,2
257,9
258,1
259,3
260,5
261,9
262,6
263,6
264,7
265,6
266,2
267,8
268,1
269,1
270,6
271,1
272,8
273,5
274,1
275,5
276,1
277,2
278,9
279,1
280,9
281,8
282,3
283,6
284,1
285,9
286,1
287,1
288,5
289,9
290,5
291,1
292,2
293,1
294,6
295,8
296,3
297,1
298,1
299,9
300,1
301,2
302,7
303,1
304,3
305,1
306,1
307,5
308,1
309,1
310,1
311,7
312,6
313,3
314,7
315,1
316,6
317,7
318,4
319,1
320,1
321,7
322,8
323,2
324,5
325,1
326,1
327,3
328,1
329,7
330,9
331,2
332,9
333,7
334,1
335,8
336,6
337,7
338,1
339,7
340,3
341,1
342,7
343,2
344,1
345,1
346,5
347,3
348,6
349,1
350,6
351,5
352,1
353,7
354,2
355,3
356,8
357,1
358,1
359,5
360,2
361,6
362,6
363,2
364,1
365,9
366,1
367,1
368,1
369,1
370,1
371,1
372,8
373,3
374,2
375,6
376,9
377,9
378,1
379,1
380,2
381,3
382,9
383,6
384,3
385,5
386,1
387,1
388,2
389,1
390,1
391,4
392,5
393,1
394,1
395,6
396,2
397,6
398,3
399,5
400,1
401,6
402,1
403,1
404,1
405,6
406,1
407,1
408,1
409,7
410,1
411,7
412,8
413,9
414,6
415,5
416,2
417,1
418,1
419,2
420,8
421,4
422,9
423,6
424,9
425,2
426,5
427,1
428,3
429,4
430,1
431,1
432,1
433,5
434,1
435,2
436,4
437,3
438,9
439,8
440,3
441,1
442,3
443,9
444,2
445,5
446,2
447,8
448,7
449,4
450,1
451,2
452,5
453,7
454,9
455,1
456,7
457,6
458,8
459,3
460,2
461,5
462,1
463,9
464,5
465,6
466,5
467,7
468,1
469,3
470,3
471,1
472,3
473,8
474,3
475,3
476,8
477,5
478,9
479,2
480,1
481,9
482,6
483,1
484,3
485,2
486,9
487,1
488,1
489,1
490,7
491,1
492,8
493,5
494,2
495,5
496,3
497,1
498,9
499,1
500,8
501,8
502,1
503,1
504,1
505,9
506,8
507,7
508,7
509,2
510,9
511,7
512,9
513,6
514,1
515,2
516,3
517,2
518,1
519,1
520,3
521,6
522,6
523,6
524,8
525,1
526,1
527,6
528,1
529,5
530,1
531,9
532,1
533,1
534,1
535,8
536,8
537,9
538,8
539,1
540,1
541,3
542,3
543,1
544,6
545,9
546,3
547,1
548,1
549,5
550,6
551,8
552,5
553,9
554,6
555,1
556,2
557,9
558,8
559,1
560,1
561,7
562,1
563,5
564,6
565,9
566,8
567,1
568,5
569,7
570,3
571,1
572,1
573,1
574,1
575,1
576,7
577,2
578,1
579,7
580,1
581,4
582,1
583,1
584,5
585,2
586,8
587,1
588,6
589,3
590,1
591,7
592,5
593,5
594,1
595,6
596,9
597,8
598,1
599,8
600,4
601,1
602,6
603,7
604,1
605,3
606,3
607,1
608,9
609,1
610,3
611,8
612,3
613,1
614,7
615,7
616,1
617,7
618,8
619,2
620,3
621,2
622,9
623,1
624,2
625,8
626,9
627,4
628,9
629,6
630,3
631,5
632,3
633,8
634,9
635,1
636,1
637,5
638,7
639,6
640,6
641,5
642,1
643,3
644,6
645,7
646,6
647,1
648,8
649,1
650,8
651,5
652,2
653,6
654,1
655,1
656,1
657,1
658,2
659,6
660,1
661,8
662,2
663,8
664,2
665,7
666,1
667,2
668,6
669,1
670,1
671,9
672,7
673,7
674,3
675,2
676,1
677,1
678,1
679,1
680,7
681,9
682,4
683,3
684,8
685,2
686,9
687,1
688,9
689,1
690,1
691,1
692,1
693,1
694,1
695,3
696,2
697,3
698,5
699,1
700,2
701,6
702,2
703,1
704,1
705,6
706,8
707,1
708,7
709,6
710,7
711,9
712,1
713,1
714,4
715,2
716,7
717,4
718,9
719,1
720,6
721,1
722,1
723,8
724,4
725,6
726,4
727,2
728,1
729,4
730,6
731,9
732,4
733,9
734,1
735,1
736,6
737,1
738,1
739,7
740,1
741,9
742,7
743,3
744,1
745,9
746,8
747,5
748,2
749,3
750,1
751,1
752,8
753,1
754,9
755,1
756,9
757,1
758,7
759,8
760,1
761,1
762,6
0,5
1,1
2,7
3,8
4,6
5,5
6,3
7,8
8,4
9,1
10,1
11,1
12,9
13,5
14,9
15,2
16,8
17,5
18,1
19,9
20,5
21,7
22,2
23,8
24,9
25,1
26,1
27,1
28,2
29,8
30,5
31,3
32,5
33,1
34,8
35,6
36,1
37,6
38,2
39,1
40,3
41,1
42,8
43,1
44,1
45,1
46,3
47,7
48,8
49,1
50,1
51,1
52,1
53,8
54,1
55,7
56,6
57,1
58,6
59,1
60,6
61,2
62,1
63,6
64,5
65,3
66,3
67,1
68,6
69,7
70,9
71,5
72,2
73,1
74,1
75,9
76,1
77,1
78,6
79,1
80,9
81,6
82,6
83,2
84,9
85,1
86,8
87,1
88,8
89,5
90,7
91,1
92,2
93,1
94,1
95,9
96,5
97,7
98,1
99,2
100,1
101,5
102,8
103,1
104,1
105,8
106,7
107,7
108,3
109,8
110,3
111,7
112,5
113,1
114,1
115,1
116,2
117,1
118,1
119,7
120,7
121,3
122,9
123,9
124,3
125,1
126,1
127,3
128,4
129,8
130,6
131,1
132,1
133,1
134,5
135,7
136,7
137,7
138,2
139,6
140,2
141,1
142,6
143,1
144,7
145,6
146,1
147,1
148,3
149,8
150,1
151,1
152,1
153,8
154,3
155,4
156,1
157,1
158,9
159,1
160,1
161,3
162,1
163,1
164,1
165,8
166,7
167,5
168,6
169,1
170,1
171,1
172,5
173,9
174,1
175,1
176,5
177,1
178,1
179,4
180,3
181,1
182,2
183,1
184,8
185,7
186,6
187,4
188,1
189,1
190,2
191,1
192,3
193,1
194,5
195,1
196,3
197,8
198,9
199,9
200,1
201,1
202,8
203,1
204,1
205,8
206,1
207,6
208,2
209,8
210,1
211,6
212,9
213,4
214,8
215,1
216,1
217,1
218,6
219,9
220,1
221,9
222,1
223,1
224,1
225,9
226,6
227,1
228,5
229,2
230,1
231,6
232,6
233,9
234,1
235,1
236,1
237,1
238,1
239,1
240,1
241,1
242,1
243,1
244,1
245,6
246,5
247,1
248,2
249,5
250,1
251,3
252,7
253,8
254,1
255,3
256,1
257,6
258,2
259,5
260,1
261,5
262,2
263,1
264,6
265,7
266,3
267,8
268,1
269,9
270,1
271,6
272,7
273,9
274,9
275,9
276,1
277,6
278,1
279,1
280,1
281,9
282,7
283,8
284,1
285,3
286,3
287,6
288,3
289,1
290,1
291,6
292,8
293,7
294,3
295,9
296,7
297,1
298,2
299,1
300,1
301,1
302,5
303,8
304,2
305,1
306,7
307,7
308,7
309,5
310,9
311,2
312,6
313,1
314,3
315,5
316,6
317,5
318,1
319,9
320,8
321,5
322,2
323,9
324,1
325,1
326,4
327,2
328,5
329,1
330,3
331,1
332,2
333,1
334,1
335,8
336,2
337,4
338,1
339,1
340,9
341,1
342,1
343,1
344,7
345,9
346,6
347,1
348,1
349,9
350,8
351,1
352,1
353,1
354,9
355,1
356,5
357,1
358,2
359,7
360,3
361,1
362,7
363,3
364,7
365,6
366,1
367,1
368,5
369,8
370,9
371,5
372,9
373,1
374,4
375,9
376,1
377,1
378,6
379,1
380,9
381,6
382,1
383,1
384,1
385,2
386,8
387,1
388,6
389,2
390,1
391,1
392,3
393,7
394,1
395,7
396,5
397,1
398,7
399,7
400,5
401,1
402,6
403,1
404,3
405,1
406,9
407,8
408,5
409,1
410,1
411,8
412,5
413,1
414,2
415,1
416,1
417,5
418,7
419,1
420,5
421,1
422,5
423,1
424,8
425,1
426,8
427,7
428,1
429,6
430,5
431,2
432,1
433,1
434,1
435,8
436,9
437,5
438,5
439,5
440,2
441,6
442,5
443,9
444,8
445,1
446,5
447,1
448,2
449,3
450,1
451,2
452,5
453,2
454,1
455,3
456,1
457,9
458,5
459,2
460,1
461,6
462,1
463,8
464,3
465,8
466,1
467,7
468,6
469,1
470,1
471,6
472,8
473,8
474,6
475,1
476,1
477,5
478,1
479,1
480,3
481,9
482,8
483,8
484,1
485,3
486,1
487,1
488,1
489,1
490,1
491,1
492,8
493,2
494,5
495,7
496,3
497,1
498,9
499,1
500,1
501,1
502,1
503,1
504,1
505,1
506,1
507,9
508,6
509,3
510,3
511,1
512,1
513,1
514,8
515,9
516,4
517,8
518,1
519,1
520,8
521,2
522,8
523,1
524,2
525,8
526,1
527,5
528,9
529,1
530,9
531,2
532,1
533,8
534,5
535,1
536,1
537,2
538,6
539,1
540,1
541,9
542,7
543,7
544,8
545,1
546,1
547,9
548,6
549,7
550,7
551,7
552,2
553,2
554,5
555,3
556,1
557,9
558,1
559,1
560,9
561,4
562,8
563,5
564,6
565,8
566,3
567,9
568,1
569,3
570,7
571,1
572,5
573,1
574,1
575,4
576,2
577,9
578,1
579,1
580,9
581,1
582,8
583,1
584,1
585,6
586,1
587,9
588,3
589,1
590,1
591,5
592,3
593,1
594,9
595,1
596,6
597,3
598,1
599,5
600,1
601,2
602,1
603,5
604,1
605,9
606,1
607,3
608,2
609,1
610,6
611,9
612,5
613,8
614,1
615,2
616,8
617,6
618,3
619,1
620,1
621,1
622,1
623,1
624,1
625,1
626,7
627,9
628,3
629,1
630,1
631,1
632,1
633,7
634,3
635,6
636,4
637,1
638,7
639,1
640,6
641,6
642,3
643,8
644,1
645,4
646,1
647,1
648,2
649,1
650,1
651,8
652,7
653,7
654,8
655,8
656,8
657,9
658,1
659,1
660,2
661,1
662,1
663,1
664,3
665,1
666,1
667,7
668,3
669,1
670,1
671,1
672,3
673,6
674,5
675,7
676,1
677,1
678,6
679,5
680,1
681,5
682,1
683,1
684,2
685,1
686,8
687,5
688,1
689,3
690,5
691,1
692,1
693,3
694,4
695,5
696,2
697,1
698,7
699,4
700,3
701,1
702,3
703,2
704,3
705,9
706,9
707,8
708,1
709,1
710,1
711,1
712,2
713,1
714,1
715,9
716,2
717,1
718,1
719,1
720,1
721,1
722,1
723,1
724,2
725,8
726,1
727,1
728,1
729,3
730,8
731,1
732,9
733,1
734,2
735,5
736,3
737,1
738,6
739,1
740,3
741,3
742,8
743,1
744,5
745,1
746,6
747,3
748,1
749,1
750,3
751,1
752,1
753,5
754,5
755,3
756,1
757,1
758,1
759,4
760,3
761,7
762,5
0,7
1,8
2,1
3,2
4,6
5,1
6,1
7,1
8,5
9,3
10,7
11,3
12,2
13,8
14,1
15,7
16,7
17,1
18,9
19,6
20,8
21,1
22,1
23,5
24,2
25,2
26,5
27,7
28,1
29,1
30,1
31,1
32,8
33,1
34,3
35,2
36,8
37,7
38,2
39,2
40,9
41,9
42,1
43,1
44,2
45,1
46,2
47,1
48,5
49,1
50,9
51,1
52,8
53,2
54,1
55,3
56,9
57,1
58,9
59,6
60,9
61,8
62,5
63,6
64,1
65,6
66,6
67,7
68,1
69,5
70,1
71,6
72,8
73,1
74,6
75,3
76,2
77,6
78,1
79,1
80,7
81,1
82,6
83,1
84,1
85,1
86,2
87,6
88,8
89,1
90,3
91,2
92,1
93,3
94,1
95,5
96,2
97,1
98,8
99,2
100,1
101,1
102,1
103,1
104,2
105,1
106,7
107,7
108,6
109,6
110,5
111,6
112,1
113,1
114,6
115,9
116,1
117,2
118,8
119,1
120,1
121,7
122,1
123,1
124,4
125,1
126,7
127,3
128,1
129,1
130,5
131,1
132,7
133,9
134,9
135,5
136,1
137,3
138,8
139,8
140,1
141,3
142,6
143,1
144,1
145,1
146,3
147,9
148,1
149,7
150,9
151,1
152,2
153,1
154,9
155,1
156,9
157,1
158,1
159,7
160,1
161,5
162,8
163,2
164,1
165,1
166,6
167,2
168,8
169,1
170,1
171,9
172,1
173,1
174,1
175,2
176,6
177,4
178,5
179,1
180,3
181,8
182,2
183,1
184,1
185,1
186,1
187,1
188,1
189,1
190,6
191,1
192,2
193,1
194,1
195,5
196,1
197,1
198,2
199,7
200,7
201,6
202,1
203,1
204,1
205,1
206,9
207,3
208,1
209,1
210,4
211,1
212,8
213,1
214,9
215,1
216,1
217,1
218,1
219,1
220,7
221,2
222,2
223,2
224,7
225,7
226,1
227,9
228,1
229,1
230,6
231,7
232,8
233,3
234,6
235,1
236,5
237,3
238,1
239,7
240,5
241,1
242,1
243,1
244,7
245,8
246,1
247,1
248,9
249,5
250,1
251,4
252,1
253,9
254,6
255,1
256,8
257,5
258,3
259,7
260,3
261,1
262,1
263,2
264,1
265,1
266,1
267,9
268,9
269,1
270,1
271,1
272,1
273,8
274,3
275,2
276,1
277,3
278,9
279,3
280,6
281,6
282,3
283,6
284,5
285,4
286,6
287,1
288,2
289,6
290,3
291,1
292,1
293,9
294,2
295,8
296,8
297,1
298,1
299,1
300,7
301,3
302,1
303,7
304,1
305,3
306,2
307,5
308,7
309,6
310,7
311,1
312,9
313,5
314,1
315,1
316,2
317,1
318,5
319,2
320,6
321,6
322,1
323,1
324,9
325,3
326,6
327,1
328,7
329,1
330,1
331,5
332,1
333,5
334,9
335,8
336,8
337,6
338,5
339,3
340,7
341,1
342,1
343,8
344,1
345,1
346,2
347,8
348,8
349,1
350,9
351,8
352,1
353,6
354,8
355,6
356,9
357,1
358,5
359,6
360,9
361,8
362,5
363,9
364,6
365,8
366,6
367,3
368,1
369,8
370,3
371,5
372,1
373,8
374,4
375,9
376,1
377,4
378,3
379,1
380,1
381,3
382,5
383,3
384,1
385,1
386,1
387,5
388,3
389,2
390,6
391,1
392,7
393,1
394,1
395,3
396,1
397,1
398,1
399,1
400,9
401,1
402,1
403,2
404,8
405,1
406,1
407,5
408,2
409,1
410,3
411,1
412,6
413,1
414,1
415,1
416,7
417,1
418,5
419,9
420,1
421,7
422,1
423,2
424,2
425,1
426,2
427,3
428,6
429,1
430,5
431,1
432,1
433,7
434,1
435,1
436,1
437,1
438,2
439,3
440,4
441,3
442,1
443,2
444,1
445,1
446,5
447,1
448,2
449,1
450,6
451,7
452,1
453,5
454,8
455,6
456,8
457,3
458,1
459,1
460,9
461,1
462,1
463,5
464,6
465,3
466,8
467,5
468,5
469,9
470,7
471,9
472,4
473,8
474,8
475,1
476,1
477,8
478,5
479,1
480,1
481,5
482,1
483,1
484,3
485,1
486,1
487,3
488,3
489,6
490,3
491,6
492,1
493,9
494,1
495,9
496,6
497,1
498,5
499,1
500,8
501,1
502,1
503,1
504,1
505,7
506,4
507,5
508,2
509,9
510,3
511,3
512,1
513,1
514,1
515,1
516,3
517,6
518,4
519,1
520,9
521,1
522,9
523,1
524,5
525,5
526,1
527,9
528,1
529,1
530,1
531,6
532,2
533,7
534,7
535,9
536,1
537,1
538,6
539,1
540,1
541,1
542,1
543,9
544,8
545,8
546,1
547,1
548,9
549,7
550,6
551,2
552,1
553,1
554,3
555,9
556,1
557,1
558,1
559,1
560,1
561,1
562,5
563,3
564,7
565,1
566,1
567,1
568,1
569,1
570,9
571,1
572,1
573,5
574,1
575,5
576,1
577,6
578,1
579,3
580,6
581,1
582,1
583,9
584,1
585,1
586,1
587,8
588,3
589,1
590,1
591,8
592,3
593,1
594,8
595,9
596,9
597,1
598,1
599,1
600,2
601,9
602,8
603,8
604,1
605,1
606,5
607,1
608,1
609,7
610,7
611,1
612,1
613,8
614,1
615,9
616,1
617,2
618,2
619,1
620,2
621,2
622,2
623,1
624,1
625,4
626,1
627,7
628,3
629,1
630,6
631,6
632,1
633,1
634,1
635,1
636,3
637,9
638,1
639,9
640,1
641,1
642,1
643,1
644,7
645,5
646,2
647,1
648,1
649,8
650,5
651,1
652,2
653,9
654,9
655,3
656,9
657,1
658,4
659,8
660,7
661,7
662,5
663,1
664,6
665,1
666,1
667,1
668,5
669,8
670,7
671,1
672,7
673,7
674,7
675,3
676,1
677,1
678,3
679,8
680,9
681,9
682,2
683,4
684,1
685,2
686,1
687,5
688,1
689,1
690,6
691,7
692,7
693,4
694,2
695,2
696,1
697,3
698,1
699,9
700,1
701,1
702,1
703,1
704,3
705,9
706,1
707,1
708,5
709,1
710,5
711,1
712,2
713,2
714,5
715,1
716,5
717,8
718,9
719,5
720,6
721,9
722,3
723,3
724,7
725,1
726,5
727,3
728,1
729,1
730,3
731,1
732,1
733,5
734,3
735,1
736,1
737,1
738,9
739,8
740,9
741,1
742,8
743,6
744,5
745,1
746,2
747,7
748,5
749,1
750,7
751,2
752,2
753,1
754,1
755,3
756,1
757,1
758,2
759,6
760,1
761,1
762,1
0,9
1,3
2,5
3,1
4,5
5,8
6,7
7,8
8,2
9,1
10,3
11,5
12,2
13,3
14,8
15,1
16,8
17,1
18,9
19,6
20,3
21,1
22,5
23,5
24,5
25,9
26,2
27,5
28,3
29,5
30,9
31,1
32,2
33,1
34,9
35,3
36,5
37,5
38,8
39,9
40,6
41,9
42,1
43,1
44,2
45,8
46,7
47,1
48,6
49,8
50,1
51,8
52,2
53,2
54,6
55,5
56,5
57,7
58,1
59,6
60,3
61,5
62,5
63,9
64,5
65,7
66,3
67,2
68,6
69,8
70,9
71,8
72,6
73,2
74,6
75,7
76,2
77,5
78,1
79,9
80,1
81,8
82,1
83,1
84,6
85,1
86,9
87,9
88,7
89,8
90,1
91,1
92,1
93,1
94,1
95,2
96,5
97,1
98,6
99,1
100,1
101,9
102,1
103,1
104,5
105,3
106,6
107,1
108,9
109,1
110,2
111,3
112,8
113,9
114,1
115,2
116,5
117,1
118,1
119,1
120,8
121,4
122,1
123,3
124,1
125,1
126,1
127,1
128,7
129,5
130,3
131,1
132,3
133,3
134,9
135,1
136,1
137,1
138,1
139,1
140,5
141,1
142,4
143,1
144,1
145,1
146,1
147,1
148,1
149,1
150,2
151,8
152,1
153,1
154,1
155,1
156,9
157,1
158,4
159,1
160,3
161,3
162,1
163,9
164,5
165,7
166,3
167,1
168,2
169,4
170,6
171,1
172,1
173,8
174,5
175,1
176,1
177,8
178,1
179,1
180,2
181,1
182,1
183,7
184,1
185,4
186,1
187,1
188,5
189,9
190,8
191,1
192,7
193,8
194,6
195,5
196,1
197,1
198,2
199,1
200,9
201,6
202,1
203,1
204,5
205,1
206,1
207,1
208,7
209,8
210,5
211,1
212,9
213,4
214,2
215,1
216,5
217,2
218,1
219,2
220,9
221,7
222,9
223,3
224,6
225,8
226,1
227,6
228,3
229,9
230,1
231,6
232,2
233,3
234,7
235,1
236,1
237,5
238,6
239,8
240,2
241,1
242,7
243,2
244,1
245,8
246,5
247,1
248,8
249,6
250,1
251,6
252,7
253,7
254,6
255,7
256,1
257,8
258,3
259,8
260,2
261,1
262,1
263,1
264,5
265,6
266,1
267,1
268,1
269,1
270,3
271,2
272,1
273,1
274,8
275,6
276,3
277,2
278,2
279,1
280,9
281,5
282,9
283,1
284,6
285,7
286,3
287,1
288,2
289,8
290,5
291,5
292,3
293,1
294,7
295,1
296,1
297,9
298,8
299,9
300,1
301,9
302,1
303,1
304,9
305,1
306,8
307,2
308,7
309,8
310,6
311,1
312,1
313,9
314,1
315,8
316,2
317,2
318,5
319,1
320,1
321,2
322,4
323,8
324,1
325,7
326,9
327,5
328,1
329,8
330,5
331,1
332,4
333,1
334,1
335,1
336,7
337,5
338,2
339,1
340,5
341,7
342,2
343,4
344,5
345,1
346,8
347,6
348,1
349,7
350,3
351,3
352,1
353,1
354,7
355,3
356,9
357,7
358,6
359,1
360,2
361,1
362,1
363,9
364,8
365,3
366,1
367,1
368,1
369,7
370,1
371,1
372,2
373,1
374,6
375,6
376,1
377,2
378,7
379,1
380,1
381,7
382,5
383,1
384,9
385,1
386,1
387,9
388,3
389,1
390,3
391,1
392,7
393,1
394,1
395,1
396,3
397,3
398,1
399,2
400,1
401,1
402,8
403,9
404,8
405,6
406,7
407,1
408,1
409,1
410,8
411,1
412,3
413,2
414,1
415,1
416,1
417,9
418,8
419,6
420,1
421,8
422,9
423,1
424,7
425,3
426,3
427,4
428,7
429,7
430,7
431,1
432,7
433,4
434,6
435,9
436,1
437,5
438,8
439,1
440,1
441,1
442,1
443,1
444,1
445,1
446,4
447,8
448,8
449,1
450,1
451,3
452,1
453,3
454,1
455,5
456,6
457,1
458,8
459,5
460,9
461,6
462,6
463,4
464,6
465,5
466,1
467,1
468,2
469,5
470,1
471,1
472,7
473,7
474,9
475,6
476,8
477,7
478,5
479,1
480,2
481,1
482,7
483,7
484,1
485,5
486,5
487,3
488,2
489,2
490,1
491,3
492,1
493,1
494,1
495,1
496,6
497,8
498,1
499,8
500,8
501,1
502,1
503,7
504,7
505,1
506,1
507,1
508,5
509,5
510,5
511,2
512,1
513,1
514,1
515,1
516,1
517,3
518,1
519,2
520,1
521,8
522,1
523,5
524,1
525,5
526,1
527,8
528,1
529,2
530,3
531,5
532,5
533,1
534,9
535,2
536,8
537,7
538,7
539,1
540,9
541,5
542,6
543,7
544,7
545,5
546,1
547,6
548,1
549,9
550,5
551,3
552,5
553,6
554,1
555,9
556,1
557,5
558,1
559,3
560,1
561,1
562,3
563,1
564,5
565,1
566,2
567,1
568,4
569,1
570,5
571,1
572,8
573,1
574,7
575,1
576,7
577,9
578,3
579,7
580,7
581,1
582,1
583,1
584,1
585,9
586,5
587,8
588,3
589,7
590,2
591,1
592,1
593,1
594,1
595,3
596,3
597,6
598,9
599,2
600,1
601,1
602,2
603,1
604,5
605,1
606,3
607,5
608,6
609,8
610,9
611,1
612,1
613,1
614,1
615,2
616,7
617,1
618,8
619,9
620,9
621,1
622,1
623,9
624,7
625,8
626,3
627,1
628,6
629,1
630,3
631,8
632,2
633,1
634,7
635,1
636,1
637,5
638,5
639,6
640,8
641,7
642,2
643,1
644,1
645,2
646,7
647,7
648,5
649,5
650,9
651,2
652,3
653,1
654,1
655,1
656,1
657,8
658,6
659,6
660,1
661,6
662,1
663,1
664,1
665,1
666,1
667,3
668,8
669,3
670,1
671,1
672,1
673,8
674,3
675,1
676,1
677,8
678,1
679,9
680,1
681,9
682,1
683,5
684,6
685,8
686,7
687,1
688,2
689,1
690,9
691,1
692,2
693,5
694,2
695,2
696,1
697,1
698,9
699,2
700,1
701,5
702,1
703,7
704,6
705,1
706,1
707,9
708,7
709,2
710,7
711,8
712,8
713,2
714,3
715,5
716,1
717,7
718,6
719,8
720,1
721,1
722,1
723,8
724,3
725,5
726,1
727,1
728,7
729,6
730,2
731,5
732,2
733,1
734,2
735,1
736,9
737,1
738,1
739,1
740,5
741,5
742,4
743,7
744,7
745,1
746,1
747,8
748,2
749,6
750,2
751,9
752,2
753,3
754,1
755,3
756,1
757,5
758,8
759,2
760,5
761,1
762,1
0,2
1,8
2,5
3,1
4,2
5,8
6,7
7,9
8,3
9,1
10,8
11,4
12,2
13,9
14,7
15,8
16,1
17,1
18,1
19,5
20,5
21,7
22,2
23,5
24,8
25,1
26,1
27,1
28,6
29,8
30,1
31,6
32,4
33,6
34,8
35,1
36,5
37,1
38,1
39,7
40,1
41,1
42,1
43,1
44,1
45,9
46,1
47,2
48,1
49,1
50,3
51,3
52,3
53,9
54,7
55,8
56,1
57,6
58,8
59,7
60,1
61,1
62,1
63,9
64,3
65,3
66,6
67,1
68,1
69,8
70,5
71,3
72,8
73,3
74,8
75,1
76,8
77,5
78,2
79,7
80,1
81,2
82,1
83,9
84,1
85,8
86,9
87,3
88,1
89,1
90,2
91,8
92,5
93,2
94,5
95,4
96,9
97,3
98,1
99,1
100,8
101,2
102,1
103,6
104,2
105,3
106,3
107,1
108,8
109,1
110,1
111,1
112,1
113,1
114,6
115,5
116,1
117,8
118,5
119,2
120,5
121,1
122,9
123,1
124,5
125,8
126,1
127,3
128,5
129,1
130,5
131,3
132,8
133,2
134,6
135,3
136,1
137,1
138,7
139,1
140,9
141,6
142,1
143,1
144,7
145,8
146,5
147,7
148,1
149,1
150,1
151,4
152,6
153,1
154,8
155,1
156,3
157,9
158,1
159,1
160,6
161,9
162,3
163,1
164,7
165,1
166,2
167,4
168,1
169,1
170,6
171,3
172,1
173,9
174,2
175,1
176,1
177,7
178,3
179,5
180,3
181,7
182,2
183,2
184,6
185,7
186,1
187,3
188,6
189,1
190,5
191,1
192,1
193,7
194,1
195,5
196,9
197,1
198,1
199,6
200,6
201,1
202,3
203,2
204,5
205,5
206,7
207,3
208,7
209,2
210,1
211,9
212,9
213,9
214,1
215,8
216,5
217,8
218,7
219,1
220,1
221,7
222,3
223,1
224,3
225,1
226,6
227,8
228,3
229,3
230,5
231,1
232,2
233,4
234,3
235,1
236,1
237,6
238,5
239,7
240,5
241,3
242,2
243,1
244,6
245,5
246,8
247,9
248,1
249,1
250,1
251,1
252,1
253,9
254,3
255,8
256,6
257,9
258,8
259,1
260,1
261,1
262,7
263,2
264,7
265,5
266,3
267,8
268,9
269,1
270,9
271,1
272,7
273,1
274,1
275,6
276,1
277,1
278,8
279,5
280,1
281,3
282,7
283,9
284,8
285,1
286,9
287,5
288,1
289,1
290,1
291,1
292,1
293,6
294,1
295,6
296,7
297,1
298,4
299,1
300,7
301,1
302,9
303,3
304,1
305,9
306,1
307,8
308,1
309,6
310,1
311,2
312,2
313,6
314,3
315,6
316,6
317,1
318,1
319,2
320,5
321,1
322,1
323,1
324,1
325,1
326,1
327,1
328,8
329,4
330,2
331,9
332,1
333,5
334,6
335,3
336,9
337,7
338,1
339,8
340,6
341,6
342,3
343,5
344,9
345,5
346,1
347,1
348,1
349,7
350,9
351,1
352,1
353,1
354,5
355,8
356,1
357,8
358,8
359,1
360,1
361,6
362,7
363,2
364,3
365,1
366,9
367,9
368,1
369,1
370,1
371,1
372,1
373,1
374,8
375,6
376,1
377,5
378,5
379,6
380,6
381,1
382,1
383,2
384,7
385,6
386,3
387,9
388,1
389,6
390,2
391,2
392,6
393,3
394,1
395,8
396,5
397,6
398,8
399,9
400,9
401,1
402,7
403,6
404,1
405,6
406,6
407,5
408,8
409,3
410,7
411,7
412,1
413,1
414,7
415,3
416,8
417,6
418,4
419,4
420,1
421,6
422,5
423,1
424,1
425,1
426,3
427,6
428,1
429,3
430,7
431,5
432,5
433,2
434,1
435,1
436,1
437,9
438,7
439,8
440,8
441,5
442,2
443,8
444,1
445,1
446,7
447,7
448,2
449,9
450,7
451,8
452,2
453,1
454,5
455,2
456,1
457,1
458,1
459,1
460,2
461,1
462,1
463,1
464,3
465,2
466,3
467,1
468,1
469,1
470,6
471,7
472,7
473,7
474,2
475,6
476,9
477,1
478,1
479,2
480,5
481,9
482,1
483,6
484,1
485,9
486,1
487,1
488,1
489,1
490,8
491,3
492,2
493,6
494,1
495,7
496,5
497,1
498,3
499,1
500,3
501,8
502,3
503,1
504,7
505,6
506,9
507,1
508,1
509,9
510,6
511,1
512,6
513,5
514,1
515,9
516,1
517,1
518,1
519,1
520,5
521,1
522,5
523,1
524,2
525,6
526,4
527,4
528,6
529,1
530,9
531,7
532,9
533,1
534,1
535,1
536,5
537,8
538,2
539,8
540,8
541,1
542,1
543,6
544,9
545,1
546,1
547,6
548,1
549,2
550,2
551,1
552,9
553,4
554,1
555,5
556,8
557,1
558,3
559,5
560,1
561,1
562,2
563,1
564,9
565,8
566,9
567,8
568,1
569,4
570,1
571,1
572,2
573,1
574,5
575,6
576,1
577,1
578,6
579,2
580,7
581,6
582,1
583,2
584,7
585,9
586,5
587,7
588,5
589,2
590,1
591,6
592,7
593,1
594,1
595,5
596,5
597,1
598,1
599,1
600,9
601,3
602,1
603,1
604,6
605,1
606,1
607,3
608,1
609,8
610,5
611,1
612,8
613,3
614,1
615,1
616,3
617,8
618,2
619,9
620,8
621,5
622,3
623,1
624,5
625,1
626,6
627,1
628,1
629,5
630,3
631,1
632,8
633,1
634,1
635,8
636,2
637,1
638,3
639,3
640,1
641,8
642,8
643,7
644,8
645,3
646,5
647,3
648,4
649,1
650,1
651,8
652,9
653,1
654,5
655,9
656,1
657,1
658,1
659,5
660,8
661,5
662,1
663,6
664,3
665,6
666,1
667,1
668,1
669,3
670,8
671,2
672,1
673,1
674,3
675,2
676,2
677,2
678,8
679,1
680,8
681,1
682,1
683,1
684,9
685,9
686,5
687,6
688,1
689,5
690,1
691,1
692,1
693,1
694,8
695,3
696,9
697,1
698,5
699,3
700,1
701,8
702,1
703,7
704,6
705,2
706,3
707,2
708,8
709,9
710,1
711,7
712,9
713,1
714,6
715,1
716,1
717,8
718,6
719,2
720,1
721,1
722,5
723,1
724,1
725,7
726,1
727,1
728,8
729,1
730,6
731,6
732,9
733,1
734,1
735,8
736,7
737,4
738,5
739,1
740,1
741,1
742,2
743,1
744,1
745,6
746,1
747,1
748,7
749,1
750,1
751,7
752,1
753,3
754,3
755,8
756,3
757,6
758,2
759,2
760,1
761,8
762,1
0,3
1,1
2,7
3,7
4,1
5,7
6,1
7,8
8,2
9,1
10,2
11,1
12,2
13,1
14,2
15,1
16,7
17,2
18,1
19,2
20,2
21,6
22,4
23,1
24,6
25,3
26,8
27,7
28,2
29,2
30,2
31,7
32,7
33,8
34,3
35,5
36,9
37,1
38,6
39,2
40,1
41,6
42,7
43,7
44,1
45,8
46,1
47,1
48,6
49,7
50,3
51,8
52,1
53,1
54,1
55,1
56,7
57,8
58,5
59,4
60,1
61,1
62,6
63,2
64,3
65,2
66,1
67,6
68,7
69,1
70,1
71,2
72,7
73,1
74,3
75,6
76,1
77,9
78,9
79,3
80,6
81,1
82,8
83,6
84,1
85,1
86,1
87,4
88,1
89,2
90,1
91,1
92,1
93,4
94,1
95,1
96,5
97,1
98,5
99,3
100,9
101,6
102,1
103,7
104,6
105,7
106,1
107,1
108,6
109,1
110,1
111,1
112,3
113,8
114,5
115,7
116,6
117,1
118,1
119,1
120,1
121,1
122,7
123,1
124,5
125,6
126,3
127,7
128,1
129,8
130,1
131,1
132,2
133,4
134,1
135,1
136,1
137,1
138,1
139,2
140,1
141,4
142,8
143,7
144,1
145,2
146,6
147,1
148,3
149,1
150,1
151,1
152,1
153,2
154,7
155,1
156,6
157,5
158,2
159,9
160,9
161,3
162,8
163,4
164,3
165,1
166,6
167,4
168,1
169,8
170,5
171,5
172,7
173,1
174,6
175,1
176,1
177,2
178,1
179,3
180,5
181,2
182,5
183,3
184,8
185,1
186,8
187,2
188,1
189,1
190,6
191,6
192,2
193,1
194,6
195,1
196,1
197,1
198,1
199,1
200,5
201,8
202,1
203,9
204,1
205,5
206,7
207,1
208,2
209,8
210,5
211,7
212,1
213,1
214,5
215,8
216,1
217,1
218,5
219,1
220,1
221,7
222,9
223,1
224,7
225,1
226,1
227,1
228,2
229,2
230,1
231,1
232,4
233,1
234,5
235,1
236,7
237,1
238,5
239,1
240,8
241,1
242,6
243,9
244,2
245,1
246,1
247,1
248,1
249,8
250,7
251,2
252,8
253,5
254,8
255,6
256,1
257,1
258,1
259,9
260,1
261,2
262,9
263,1
264,8
265,6
266,1
267,6
268,2
269,7
270,7
271,1
272,6
273,1
274,3
275,1
276,9
277,1
278,1
279,7
280,9
281,1
282,1
283,1
284,2
285,4
286,1
287,7
288,5
289,2
290,9
291,2
292,5
293,7
294,7
295,1
296,2
297,1
298,1
299,1
300,9
301,1
302,9
303,1
304,6
305,5
306,1
307,6
308,8
309,3
310,1
311,1
312,1
313,1
314,6
315,6
316,4
317,1
318,8
319,1
320,1
321,8
322,1
323,1
324,6
325,8
326,1
327,5
328,9
329,5
330,1
331,5
332,6
333,1
334,1
335,1
336,1
337,1
338,1
339,8
340,1
341,9
342,9
343,9
344,1
345,9
346,1
347,4
348,2
349,1
350,9
351,1
352,3
353,6
354,1
355,2
356,1
357,1
358,1
359,6
360,8
361,1
362,1
363,1
364,9
365,7
366,6
367,1
368,8
369,6
370,1
371,1
372,1
373,8
374,7
375,1
376,5
377,6
378,9
379,6
380,9
381,1
382,1
383,1
384,6
385,3
386,8
387,7
388,3
389,8
390,1
391,9
392,7
393,1
394,6
395,1
396,7
397,1
398,6
399,1
400,6
401,7
402,1
403,8
404,9
405,1
406,1
407,9
408,7
409,5
410,1
411,5
412,8
413,1
414,6
415,1
416,1
417,9
418,4
419,1
420,8
421,5
422,6
423,9
424,7
425,9
426,7
427,1
428,1
429,8
430,9
431,4
432,1
433,6
434,1
435,2
436,3
437,1
438,8
439,5
440,6
441,1
442,5
443,1
444,4
445,5
446,3
447,5
448,1
449,8
450,7
451,1
452,1
453,1
454,3
455,1
456,5
457,1
458,8
459,9
460,1
461,5
462,1
463,1
464,1
465,1
466,9
467,9
468,1
469,1
470,2
471,5
472,1
473,1
474,2
475,6
476,6
477,8
478,1
479,1
480,3
481,5
482,1
483,2
484,8
485,3
486,1
487,1
488,9
489,1
490,6
491,1
492,1
493,3
494,1
495,2
496,9
497,1
498,5
499,9
500,9
501,9
502,1
503,1
504,1
505,1
506,3
507,6
508,2
509,3
510,5
511,9
512,2
513,1
514,8
515,1
516,9
517,3
518,5
519,1
520,1
521,2
522,1
523,9
524,3
525,1
526,9
527,9
528,8
529,1
530,1
531,5
532,6
533,1
534,5
535,6
536,1
537,7
538,1
539,9
540,6
541,6
542,1
543,1
544,1
545,9
546,3
547,3
548,1
549,1
550,2
551,5
552,1
553,1
554,9
555,3
556,1
557,6
558,8
559,1
560,7
561,6
562,9
563,1
564,1
565,5
566,1
567,9
568,7
569,1
570,1
571,7
572,3
573,8
574,9
575,2
576,7
577,1
578,1
579,9
580,3
581,7
582,1
583,1
584,9
585,1
586,9
587,1
588,1
589,1
590,1
591,1
592,1
593,1
594,8
595,1
596,4
597,1
598,1
599,1
600,9
601,1
602,1
603,5
604,1
605,1
606,8
607,8
608,9
609,6
610,2
611,9
612,2
613,9
614,6
615,9
616,2
617,1
618,7
619,1
620,7
621,1
622,9
623,1
624,8
625,6
626,7
627,7
628,7
629,1
630,6
631,1
632,6
633,1
634,9
635,1
636,2
637,7
638,1
639,1
640,1
641,9
642,6
643,8
644,1
645,9
646,1
647,6
648,6
649,9
650,6
651,1
652,1
653,1
654,1
655,1
656,5
657,3
658,6
659,7
660,1
661,7
662,1
663,1
664,9
665,9
666,8
667,1
668,1
669,1
670,1
671,6
672,3
673,6
674,7
675,1
676,1
677,1
678,1
679,6
680,9
681,8
682,5
683,5
684,1
685,2
686,1
687,9
688,8
689,1
690,3
691,6
692,1
693,9
694,1
695,3
696,5
697,1
698,1
699,2
700,1
701,7
702,2
703,3
704,6
705,9
706,1
707,1
708,1
709,7
710,6
711,1
712,1
713,9
714,5
715,1
716,1
717,8
718,1
719,5
720,8
721,1
722,8
723,1
724,4
725,1
726,1
727,1
728,1
729,5
730,9
731,7
732,8
733,9
734,2
735,8
736,9
737,1
738,1
739,5
740,1
741,1
742,9
743,2
744,8
745,1
746,5
747,1
748,6
749,1
750,1
751,1
752,5
753,1
754,1
755,4
756,7
757,6
758,3
759,1
760,2
761,6
762,1
0,9
1,2
2,1
3,1
4,1
5,1
6,1
7,1
8,7
9,1
10,9
11,1
12,8
13,5
14,3
15,1
16,2
17,1
18,8
19,1
20,2
21,1
22,1
23,1
24,1
25,1
26,8
27,6
28,5
29,5
30,5
31,5
32,8
33,3
34,7
35,2
36,6
37,1
38,6
39,1
40,9
41,8
42,1
43,5
44,5
45,1
46,3
47,2
48,8
49,1
50,3
51,8
52,5
53,9
54,7
55,1
56,1
57,7
58,6
59,8
60,9
61,1
62,9
63,1
64,8
65,8
66,1
67,1
68,8
69,1
70,2
71,1
72,1
73,1
74,1
75,8
76,2
77,9
78,1
79,7
80,3
81,5
82,7
83,1
84,1
85,7
86,1
87,2
88,3
89,7
90,9
91,6
92,1
93,7
94,6
95,1
96,5
97,1
98,6
99,1
100,1
101,7
102,1
103,3
104,2
105,7
106,2
107,8
108,5
109,3
110,3
111,2
112,1
113,9
114,1
115,1
116,7
117,1
118,6
119,1
120,7
121,1
122,1
123,1
124,1
125,5
126,1
127,5
128,1
129,8
130,5
131,1
132,7
133,8
134,1
135,6
136,1
137,1
138,3
139,7
140,2
141,3
142,3
143,7
144,6
145,9
146,9
147,5
148,1
149,5
150,9
151,6
152,1
153,1
154,1
155,3
156,5
157,9
158,1
159,1
160,2
161,8
162,9
163,2
164,9
165,1
166,1
167,2
168,8
169,3
170,1
171,1
172,9
173,6
174,7
175,1
176,1
177,6
178,8
179,8
180,6
181,3
182,1
183,1
184,5
185,3
186,1
187,3
188,1
189,8
190,1
191,9
192,1
193,9
194,1
195,1
196,1
197,1
198,1
199,1
200,2
201,6
202,2
203,1
204,6
205,7
206,1
207,9
208,1
209,1
210,3
211,4
212,7
213,1
214,8
215,1
216,6
217,2
218,1
219,6
220,6
221,1
222,9
223,3
224,6
225,1
226,6
227,3
228,6
229,1
230,1
231,1
232,8
233,9
234,1
235,8
236,3
237,1
238,2
239,1
240,1
241,5
242,3
243,6
244,1
245,2
246,1
247,5
248,1
249,1
250,1
251,8
252,1
253,7
254,3
255,1
256,1
257,3
258,8
259,5
260,1
261,9
262,5
263,3
264,1
265,7
266,1
267,7
268,7
269,1
270,1
271,2
272,3
273,9
274,2
275,1
276,7
277,7
278,1
279,7
280,3
281,4
282,3
283,4
284,3
285,2
286,5
287,5
288,1
289,8
290,1
291,5
292,3
293,2
294,1
295,7
296,1
297,2
298,1
299,7
300,1
301,1
302,1
303,8
304,1
305,3
306,1
307,3
308,6
309,7
310,7
311,1
312,1
313,6
314,1
315,7
316,5
317,1
318,1
319,2
320,1
321,1
322,1
323,6
324,1
325,3
326,1
327,1
328,1
329,5
330,6
331,2
332,7
333,1
334,1
335,9
336,3
337,1
338,1
339,6
340,6
341,1
342,1
343,1
344,3
345,6
346,1
347,1
348,3
349,1
350,8
351,1
352,1
353,1
354,6
355,9
356,1
357,4
358,3
359,8
360,1
361,8
362,8
363,4
364,1
365,2
366,2
367,1
368,2
369,8
370,8
371,1
372,3
373,9
374,1
375,2
376,1
377,1
378,8
379,8
380,1
381,1
382,1
383,1
384,9
385,1
386,3
387,5
388,1
389,8
390,1
391,1
392,1
393,2
394,1
395,5
396,1
397,5
398,8
399,3
400,7
401,1
402,2
403,6
404,1
405,5
406,2
407,7
408,1
409,7
410,2
411,1
412,8
413,8
414,1
415,9
416,7
417,1
418,1
419,9
420,1
421,3
422,2
423,1
424,3
425,6
426,9
427,1
428,8
429,1
430,9
431,1
432,9
433,8
434,3
435,1
436,1
437,1
438,9
439,5
440,3
441,6
442,9
443,1
444,1
445,7
446,3
447,6
448,1
449,1
450,6
451,1
452,1
453,6
454,1
455,3
456,2
457,1
458,1
459,7
460,3
461,5
462,1
463,7
464,9
465,2
466,1
467,3
468,8
469,9
470,6
471,9
472,8
473,1
474,1
475,2
476,1
477,1
478,5
479,6
480,5
481,2
482,3
483,1
484,3
485,9
486,8
487,7
488,1
489,5
490,1
491,2
492,1
493,1
494,1
495,1
496,1
497,9
498,8
499,6
500,7
501,6
502,1
503,1
504,1
505,1
506,5
507,5
508,2
509,3
510,9
511,6
512,1
513,3
514,1
515,5
516,2
517,1
518,6
519,2
520,1
521,2
522,8
523,2
524,9
525,9
526,3
527,7
528,1
529,1
530,1
531,2
532,8
533,1
534,5
535,7
536,5
537,1
538,7
539,2
540,1
541,1
542,1
543,7
544,6
545,3
546,1
547,2
548,1
549,1
550,1
551,4
552,1
553,5
554,9
555,7
556,3
557,3
558,7
559,1
560,3
561,3
562,1
563,2
564,9
565,1
566,6
567,8
568,8
569,8
570,3
571,6
572,1
573,2
574,1
575,1
576,1
577,6
578,2
579,7
580,1
581,6
582,1
583,1
584,8
585,1
586,6
587,1
588,1
589,1
590,1
591,3
592,5
593,8
594,2
595,3
596,7
597,7
598,8
599,4
600,9
601,1
602,2
603,1
604,5
605,2
606,9
607,2
608,1
609,2
610,7
611,1
612,1
613,1
614,2
615,8
616,5
617,1
618,5
619,2
620,1
621,9
622,9
623,1
624,2
625,3
626,1
627,6
628,1
629,3
630,6
631,2
632,1
633,3
634,1
635,1
636,4
637,1
638,1
639,1
640,1
641,9
642,2
643,7
644,1
645,3
646,1
647,1
648,9
649,7
650,1
651,1
652,6
653,1
654,3
655,9
656,2
657,1
658,9
659,1
660,1
661,8
662,2
663,3
664,3
665,1
666,9
667,7
668,9
669,1
670,7
671,5
672,1
673,1
674,1
675,8
676,2
677,3
678,8
679,1
680,5
681,1
682,5
683,8
684,2
685,1
686,2
687,1
688,3
689,1
690,1
691,3
692,5
693,6
694,1
695,6
696,8
697,3
698,3
699,1
700,1
701,1
702,6
703,1
704,3
705,1
706,1
707,6
708,5
709,9
710,1
711,6
712,2
713,5
714,1
715,1
716,8
717,3
718,2
719,5
720,1
721,7
722,9
723,3
724,9
725,1
726,6
727,1
728,8
729,3
730,5
731,9
732,5
733,1
734,6
735,2
736,9
737,5
738,3
739,9
740,8
741,9
742,1
743,1
744,7
745,2
746,3
747,6
748,1
749,9
750,1
751,2
752,5
753,9
754,1
755,6
756,7
757,1
758,1
759,1
760,8
761,1
762,1
0,3
1,9
2,7
3,6
4,1
5,5
6,7
7,4
8,5
9,1
10,1
11,8
12,3
13,7
14,1
15,9
16,7
17,1
18,1
19,7
20,6
21,3
22,7
23,6
24,6
25,7
26,1
27,5
28,6
29,1
30,1
31,5
32,1
33,1
34,8
35,1
36,3
37,5
38,1
39,3
40,8
41,7
42,1
43,1
44,7
45,1
46,2
47,1
48,1
49,1
50,8
51,7
52,9
53,3
54,7
55,1
56,1
57,8
58,1
59,1
60,6
61,1
62,8
63,4
64,1
65,7
66,1
67,1
68,1
69,1
70,3
71,1
72,1
73,1
74,1
75,1
76,7
77,1
78,7
79,2
80,1
81,8
82,1
83,1
84,6
85,1
86,8
87,8
88,1
89,5
90,7
91,4
92,3
93,1
94,1
95,6
96,3
97,6
98,9
99,1
100,1
101,5
102,3
103,4
104,1
105,5
106,6
107,7
108,1
109,7
110,5
111,6
112,1
113,6
114,5
115,6
116,7
117,1
118,5
119,2
120,3
121,8
122,7
123,1
124,1
125,1
126,1
127,1
128,1
129,7
130,6
131,6
132,4
133,7
134,2
135,1
136,3
137,5
138,7
139,2
140,1
141,8
142,2
143,8
144,3
145,1
146,1
147,8
148,5
149,1
150,3
151,1
152,6
153,5
154,1
155,1
156,5
157,1
158,1
159,5
160,8
161,6
162,8
163,8
164,7
165,1
166,1
167,1
168,5
169,9
170,3
171,6
172,2
173,2
174,1
175,8
176,1
177,5
178,4
179,3
180,9
181,1
182,2
183,3
184,6
185,1
186,1
187,4
188,2
189,8
190,1
191,1
192,9
193,1
194,1
195,7
196,7
197,5
198,1
199,2
200,6
201,1
202,6
203,6
204,2
205,1
206,1
207,5
208,7
209,8
210,2
211,5
212,8
213,2
214,5
215,2
216,1
217,1
218,7
219,5
220,2
221,1
222,1
223,2
224,1
225,1
226,3
227,6
228,1
229,1
230,8
231,9
232,1
233,5
234,1
235,1
236,9
237,6
238,8
239,9
240,6
241,3
242,1
243,3
244,5
245,5
246,6
247,1
248,1
249,1
250,1
251,3
252,1
253,1
254,3
255,7
256,1
257,5
258,6
259,7
260,5
261,1
262,1
263,6
264,1
265,9
266,5
267,8
268,6
269,1
270,5
271,9
272,8
273,3
274,7
275,5
276,1
277,1
278,8
279,9
280,5
281,5
282,3
283,6
284,1
285,1
286,5
287,6
288,1
289,1
290,8
291,2
292,6
293,1
294,7
295,6
296,7
297,1
298,1
299,1
300,1
301,1
302,1
303,7
304,1
305,6
306,6
307,8
308,8
309,1
310,7
311,7
312,2
313,6
314,5
315,2
316,1
317,8
318,1
319,1
320,1
321,1
322,7
323,5
324,3
325,9
326,1
327,4
328,7
329,1
330,8
331,1
332,1
333,7
334,9
335,5
336,4
337,1
338,8
339,2
340,4
341,1
342,6
343,7
344,8
345,3
346,1
347,1
348,1
349,6
350,5
351,1
352,5
353,9
354,7
355,1
356,2
357,3
358,1
359,1
360,5
361,4
362,1
363,1
364,8
365,1
366,8
367,3
368,1
369,1
370,8
371,2
372,5
373,7
374,1
375,1
376,9
377,8
378,4
379,1
380,1
381,2
382,7
383,1
384,5
385,1
386,1
387,1
388,3
389,1
390,6
391,3
392,3
393,1
394,1
395,1
396,1
397,6
398,7
399,6
400,1
401,1
402,7
403,7
404,8
405,8
406,8
407,2
408,1
409,1
410,5
411,8
412,9
413,3
414,3
415,9
416,1
417,7
418,2
419,5
420,6
421,5
422,2
423,4
424,1
425,5
426,1
427,7
428,6
429,1
430,7
431,5
432,1
433,1
434,1
435,8
436,9
437,1
438,1
439,1
440,1
441,5
442,1
443,7
444,9
445,1
446,1
447,3
448,2
449,3
450,3
451,8
452,9
453,3
454,3
455,3
456,5
457,7
458,1
459,5
460,9
461,3
462,9
463,1
464,9
465,2
466,5
467,1
468,1
469,1
470,1
471,1
472,8
473,9
474,3
475,2
476,7
477,9
478,7
479,9
480,8
481,1
482,1
483,7
484,6
485,7
486,1
487,1
488,7
489,5
490,8
491,1
492,6
493,6
494,2
495,8
496,1
497,2
498,7
499,3
500,3
501,7
502,6
503,2
504,1
505,1
506,5
507,3
508,6
509,7
510,1
511,7
512,9
513,3
514,5
515,9
516,9
517,1
518,1
519,1
520,9
521,1
522,9
523,1
524,8
525,5
526,3
527,1
528,1
529,1
530,1
531,1
532,5
533,1
534,9
535,6
536,9
537,6
538,5
539,1
540,5
541,8
542,5
543,2
544,3
545,2
546,1
547,1
548,3
549,1
550,1
551,1
552,8
553,1
554,9
555,1
556,1
557,9
558,1
559,6
560,1
561,3
562,1
563,9
564,2
565,1
566,8
567,9
568,5
569,3
570,1
571,5
572,2
573,1
574,7
575,1
576,8
577,9
578,1
579,2
580,1
581,1
582,1
583,1
584,1
585,7
586,5
587,1
588,8
589,1
590,1
591,5
592,9
593,1
594,2
595,7
596,7
597,6
598,9
599,1
600,1
601,5
602,5
603,7
604,7
605,1
606,2
607,7
608,1
609,2
610,1
611,3
612,1
613,4
614,1
615,1
616,6
617,2
618,7
619,9
620,1
621,8
622,2
623,9
624,5
625,8
626,3
627,2
628,6
629,1
630,5
631,4
632,5
633,5
634,9
635,1
636,2
637,3
638,9
639,2
640,1
641,3
642,2
643,5
644,1
645,1
646,9
647,2
648,1
649,1
650,2
651,2
652,1
653,2
654,9
655,1
656,2
657,7
658,1
659,1
660,1
661,1
662,8
663,1
664,5
665,1
666,5
667,1
668,1
669,3
670,1
671,1
672,6
673,9
674,9
675,2
676,1
677,9
678,1
679,9
680,1
681,9
682,1
683,7
684,1
685,1
686,1
687,1
688,1
689,1
690,1
691,3
692,8
693,1
694,1
695,1
696,2
697,1
698,9
699,5
700,3
701,1
702,1
703,7
704,9
705,9
706,6
707,5
708,1
709,6
710,1
711,1
712,1
713,5
714,9
715,1
716,5
717,9
718,5
719,8
720,3
721,5
722,9
723,1
724,1
725,3
726,8
727,1
728,3
729,3
730,2
731,6
732,1
733,8
734,1
735,5
736,1
737,8
738,8
739,7
740,7
741,8
742,1
743,1
744,1
745,4
746,6
747,8
748,1
749,9
750,9
751,9
752,8
753,2
754,1
755,5
756,9
757,9
758,8
759,1
760,3
761,1
762,1
0,6
1,3
2,6
3,1
4,1
5,6
6,5
7,5
8,9
9,8
10,3
11,1
12,4
13,2
14,6
15,7
16,3
17,1
18,8
19,1
20,7
21,6
22,1
23,9
24,1
25,6
26,1
27,1
28,1
29,1
30,1
31,3
32,9
33,2
34,1
35,1
36,5
37,3
38,2
39,2
40,5
41,1
42,7
43,3
44,1
45,1
46,7
47,7
48,3
49,6
50,5
51,1
52,1
53,1
54,6
55,9
56,9
57,1
58,3
59,6
60,1
61,1
62,1
63,5
64,8
65,3
66,1
67,4
68,3
69,1
70,5
71,6
72,1
73,2
74,1
75,8
76,3
77,1
78,9
79,3
80,2
81,6
82,1
83,2
84,7
85,4
86,1
87,1
88,2
89,1
90,1
91,6
92,8
93,2
94,7
95,6
96,8
97,5
98,1
99,1
100,7
101,1
102,8
103,1
104,6
105,1
106,3
107,1
108,1
109,8
110,2
111,6
112,7
113,1
114,3
115,9
116,1
117,4
118,5
119,3
120,5
121,1
122,1
123,5
124,1
125,1
126,9
127,8
128,8
129,5
130,1
131,2
132,3
133,7
134,2
135,1
136,3
137,3
138,1
139,3
140,1
141,7
142,1
143,1
144,5
145,6
146,1
147,7
148,8
149,3
150,1
151,1
152,5
153,2
154,8
155,1
156,2
157,1
158,1
159,2
160,9
161,8
162,6
163,3
164,3
165,1
166,1
167,2
168,1
169,4
170,8
171,5
172,1
173,9
174,2
175,8
176,9
177,3
178,7
179,1
180,1
181,5
182,1
183,1
184,1
185,5
186,5
187,3
188,1
189,5
190,2
191,9
192,5
193,1
194,1
195,2
196,5
197,2
198,9
199,6
200,5
201,2
202,5
203,1
204,1
205,8
206,1
207,8
208,4
209,6
210,1
211,1
212,1
213,3
214,8
215,1
216,7
217,9
218,1
219,7
220,1
221,8
222,8
223,5
224,2
225,7
226,1
227,1
228,5
229,2
230,1
231,9
232,1
233,6
234,3
235,1
236,9
237,1
238,5
239,1
240,6
241,5
242,6
243,1
244,6
245,3
246,8
247,7
248,6
249,1
250,1
251,1
252,1
253,9
254,9
255,8
256,6
257,9
258,6
259,2
260,7
261,9
262,1
263,6
264,1
265,9
266,9
267,1
268,1
269,1
270,1
271,8
272,1
273,2
274,3
275,5
276,5
277,1
278,1
279,6
280,1
281,2
282,1
283,5
284,6
285,9
286,8
287,5
288,1
289,2
290,1
291,1
292,7
293,9
294,6
295,1
296,1
297,3
298,3
299,1
300,1
301,8
302,7
303,1
304,7
305,6
306,3
307,6
308,1
309,5
310,1
311,1
312,1
313,6
314,1
315,6
316,4
317,2
318,2
319,7
320,2
321,2
322,1
323,1
324,3
325,2
326,1
327,3
328,1
329,9
330,1
331,9
332,2
333,8
334,7
335,1
336,5
337,1
338,1
339,1
340,8
341,7
342,1
343,1
344,1
345,8
346,3
347,8
348,1
349,4
350,1
351,5
352,1
353,1
354,7
355,6
356,7
357,9
358,8
359,1
360,5
361,1
362,1
363,9
364,8
365,1
366,8
367,5
368,1
369,1
370,9
371,1
372,5
373,7
374,1
375,1
376,1
377,5
378,1
379,1
380,1
381,6
382,5
383,1
384,1
385,2
386,6
387,3
388,5
389,3
390,1
391,9
392,1
393,1
394,1
395,1
396,8
397,8
398,1
399,9
400,1
401,1
402,8
403,1
404,2
405,1
406,1
407,7
408,2
409,7
410,4
411,8
412,1
413,9
414,9
415,7
416,1
417,8
418,4
419,7
420,8
421,6
422,1
423,3
424,6
425,9
426,1
427,1
428,2
429,1
430,7
431,2
432,1
433,1
434,7
435,1
436,1
437,1
438,1
439,1
440,1
441,1
442,1
443,1
444,1
445,3
446,8
447,9
448,6
449,5
450,1
451,7
452,1
453,5
454,2
455,2
456,1
457,1
458,7
459,8
460,1
461,1
462,8
463,1
464,7
465,9
466,9
467,1
468,8
469,1
470,9
471,9
472,9
473,8
474,1
475,1
476,6
477,5
478,1
479,1
480,1
481,1
482,1
483,8
484,5
485,3
486,1
487,1
488,2
489,9
490,2
491,1
492,7
493,1
494,1
495,2
496,9
497,1
498,1
499,1
500,3
501,1
502,5
503,6
504,9
505,3
506,1
507,5
508,1
509,1
510,7
511,9
512,7
513,1
514,1
515,3
516,5
517,3
518,1
519,6
520,2
521,6
522,1
523,7
524,2
525,7
526,1
527,1
528,7
529,1
530,3
531,9
532,7
533,4
534,1
535,2
536,1
537,1
538,1
539,8
540,1
541,1
542,1
543,3
544,8
545,1
546,1
547,1
548,5
549,4
550,1
551,9
552,2
553,1
554,3
555,9
556,7
557,1
558,7
559,1
560,1
561,6
562,4
563,1
564,1
565,2
566,9
567,1
568,1
569,9
570,1
571,2
572,1
573,1
574,1
575,9
576,1
577,1
578,7
579,8
580,3
581,1
582,7
583,6
584,1
585,1
586,8
587,8
588,2
589,1
590,7
591,1
592,6
593,1
594,1
595,1
596,3
597,2
598,9
599,6
600,1
601,1
602,5
603,8
604,7
605,8
606,3
607,9
608,1
609,1
610,1
611,3
612,1
613,1
614,7
615,5
616,9
617,8
618,1
619,3
620,1
621,1
622,3
623,1
624,1
625,1
626,5
627,7
628,1
629,1
630,1
631,1
632,8
633,6
634,7
635,1
636,1
637,2
638,5
639,1
640,1
641,1
642,8
643,7
644,1
645,2
646,1
647,1
648,6
649,8
650,1
651,5
652,1
653,2
654,8
655,5
656,1
657,7
658,9
659,2
660,1
661,1
662,1
663,3
664,2
665,2
666,6
667,3
668,1
669,1
670,5
671,7
672,1
673,8
674,3
675,1
676,5
677,6
678,7
679,3
680,7
681,1
682,1
683,6
684,1
685,5
686,1
687,5
688,6
689,5
690,2
691,1
692,9
693,1
694,5
695,8
696,3
697,7
698,2
699,3
700,3
701,5
702,4
703,6
704,2
705,7
706,1
707,2
708,1
709,7
710,3
711,1
712,5
713,1
714,1
715,7
716,7
717,5
718,5
719,1
720,9
721,5
722,5
723,1
724,5
725,7
726,8
727,7
728,6
729,7
730,1
731,1
732,1
733,3
734,5
735,9
736,1
737,1
738,1
739,1
740,4
741,2
742,9
743,2
744,1
745,1
746,1
747,1
748,5
749,5
750,1
751,1
752,1
753,2
754,3
755,7
756,1
757,8
758,6
759,5
760,1
761,9
762,1
0,1
1,7
2,5
3,9
4,1
5,1
6,6
7,2
8,1
9,8
10,3
11,1
12,3
13,1
14,6
15,5
16,1
17,5
18,3
19,9
20,4
21,6
22,6
23,1
24,1
25,5
26,6
27,1
28,1
29,7
30,1
31,1
32,5
33,7
34,6
35,5
36,6
37,3
38,1
39,6
40,1
41,1
42,7
43,3
44,2
45,9
46,1
47,1
48,7
49,1
50,1
51,3
52,2
53,1
54,1
55,9
56,1
57,1
58,3
59,5
60,3
61,8
62,6
63,1
64,1
65,1
66,1
67,1
68,9
69,7
70,8
71,1
72,1
73,5
74,3
75,2
76,2
77,7
78,8
79,3
80,8
81,1
82,1
83,1
84,7
85,1
86,8
87,2
88,8
89,9
90,1
91,9
92,3
93,1
94,1
95,1
96,9
97,1
98,5
99,6
100,3
101,9
102,1
103,1
104,8
105,1
106,5
107,1
108,5
109,1
110,3
111,8
112,1
113,8
114,3
115,1
116,3
117,1
118,1
119,1
120,9
121,1
122,9
123,6
124,9
125,6
126,8
127,5
128,5
129,3
130,7
131,6
132,1
133,1
134,8
135,7
136,2
137,3
138,6
139,2
140,9
141,5
142,1
143,2
144,2
145,1
146,3
147,8
148,5
149,3
150,3
151,1
152,1
153,1
154,1
155,1
156,1
157,2
158,1
159,1
160,1
161,1
162,5
163,1
164,1
165,3
166,1
167,7
168,8
169,1
170,8
171,1
172,1
173,3
174,2
175,1
176,8
177,2
178,9
179,8
180,5
181,2
182,3
183,1
184,1
185,1
186,2
187,1
188,2
189,6
190,1
191,3
192,1
193,1
194,1
195,1
196,8
197,9
198,1
199,1
200,1
201,9
202,6
203,1
204,5
205,1
206,1
207,1
208,1
209,2
210,1
211,1
212,9
213,1
214,1
215,6
216,1
217,5
218,1
219,7
220,1
221,1
222,3
223,6
224,1
225,3
226,1
227,5
228,2
229,7
230,1
231,7
232,8
233,7
234,1
235,1
236,1
237,2
238,6
239,8
240,3
241,2
242,1
243,2
244,7
245,9
246,8
247,8
248,1
249,1
250,1
251,8
252,1
253,1
254,9
255,2
256,3
257,1
258,1
259,1
260,2
261,7
262,7
263,1
264,9
265,1
266,1
267,1
268,3
269,8
270,2
271,9
272,7
273,8
274,1
275,7
276,7
277,1
278,1
279,8
280,1
281,6
282,1
283,6
284,1
285,1
286,6
287,2
288,2
289,2
290,7
291,5
292,1
293,1
294,1
295,4
296,7
297,1
298,6
299,9
300,7
301,2
302,8
303,3
304,1
305,5
306,1
307,8
308,1
309,2
310,9
311,1
312,1
313,1
314,1
315,5
316,4
317,2
318,4
319,9
320,3
321,6
322,4
323,3
324,8
325,9
326,2
327,2
328,1
329,3
330,1
331,3
332,1
333,2
334,4
335,8
336,1
337,1
338,1
339,1
340,1
341,5
342,1
343,5
344,8
345,1
346,1
347,1
348,1
349,3
350,1
351,7
352,9
353,7
354,1
355,5
356,1
357,3
358,5
359,5
360,1
361,1
362,3
363,1
364,1
365,1
366,2
367,9
368,1
369,6
370,1
371,4
372,8
373,7
374,1
375,1
376,7
377,1
378,1
379,1
380,9
381,2
382,1
383,1
384,9
385,9
386,3
387,6
388,2
389,4
390,9
391,6
392,5
393,3
394,7
395,1
396,9
397,8
398,1
399,1
400,1
401,2
402,8
403,1
404,3
405,8
406,3
407,9
408,1
409,8
410,7
411,1
412,1
413,6
414,3
415,9
416,3
417,3
418,1
419,5
420,1
421,8
422,4
423,1
424,2
425,8
426,5
427,8
428,5
429,1
430,1
431,2
432,7
433,3
434,5
435,6
436,6
437,8
438,7
439,5
440,9
441,1
442,3
443,4
444,6
445,6
446,1
447,1
448,1
449,6
450,5
451,6
452,1
453,1
454,1
455,9
456,1
457,1
458,6
459,7
460,1
461,7
462,1
463,6
464,7
465,9
466,7
467,9
468,1
469,1
470,6
471,3
472,1
473,1
474,5
475,1
476,1
477,7
478,1
479,1
480,1
481,8
482,7
483,4
484,7
485,1
486,3
487,1
488,8
489,1
490,6
491,3
492,1
493,8
494,7
495,1
496,5
497,5
498,7
499,7
500,8
501,5
502,1
503,1
504,1
505,1
506,3
507,1
508,3
509,1
510,5
511,1
512,6
513,4
514,7
515,1
516,1
517,1
518,2
519,5
520,1
521,2
522,1
523,1
524,7
525,2
526,8
527,8
528,2
529,1
530,1
531,4
532,5
533,4
534,1
535,6
536,7
537,6
538,2
539,8
540,1
541,2
542,2
543,1
544,1
545,6
546,1
547,5
548,3
549,1
550,2
551,9
552,5
553,1
554,5
555,1
556,1
557,6
558,1
559,2
560,3
561,4
562,2
563,1
564,1
565,5
566,8
567,8
568,7
569,3
570,1
571,2
572,3
573,2
574,5
575,1
576,1
577,9
578,3
579,7
580,6
581,9
582,1
583,2
584,8
585,1
586,3
587,1
588,1
589,7
590,3
591,7
592,1
593,8
594,1
595,2
596,8
597,5
598,1
599,6
600,1
601,1
602,1
603,5
604,7
605,1
606,5
607,8
608,1
609,6
610,1
611,1
612,1
613,1
614,8
615,6
616,2
617,1
618,1
619,1
620,1
621,7
622,1
623,1
624,5
625,7
626,1
627,1
628,6
629,9
630,2
631,1
632,1
633,8
634,1
635,7
636,6
637,5
638,9
639,9
640,8
641,7
642,2
643,1
644,6
645,1
646,9
647,9
648,7
649,1
650,3
651,3
652,9
653,7
654,6
655,1
656,9
657,1
658,6
659,1
660,5
661,1
662,1
663,9
664,9
665,1
666,2
667,1
668,1
669,2
670,7
671,5
672,2
673,1
674,9
675,4
676,2
677,6
678,8
679,8
680,1
681,1
682,7
683,3
684,6
685,3
686,7
687,1
688,1
689,1
690,6
691,1
692,8
693,7
694,1
695,2
696,1
697,2
698,2
699,5
700,1
701,1
702,5
703,1
704,1
705,1
706,1
707,5
708,1
709,8
710,5
711,5
712,6
713,6
714,9
715,7
716,1
717,9
718,1
719,1
720,9
721,1
722,7
723,1
724,7
725,7
726,1
727,2
728,4
729,1
730,2
731,7
732,3
733,8
734,3
735,3
736,1
737,7
738,2
739,1
740,2
741,1
742,1
743,1
744,9
745,1
746,1
747,5
748,3
749,1
750,9
751,1
752,1
753,3
754,2
755,1
756,1
757,7
758,1
759,9
760,1
761,3
762,1
0,1
1,1
2,1
3,9
4,8
5,3
6,1
7,1
8,1
9,1
10,8
11,9
12,1
13,9
14,6
15,1
16,1
17,1
18,1
19,1
20,5
21,3
22,7
23,2
24,2
25,9
26,1
27,1
28,2
29,7
30,1
31,1
32,1
33,6
34,6
35,7
36,2
37,9
38,5
39,1
40,3
41,1
42,7
43,5
44,5
45,1
46,8
47,5
48,6
49,1
50,1
51,1
52,1
53,7
54,8
55,4
56,7
57,8
58,1
59,3
60,1
61,6
62,8
63,1
64,1
65,9
66,2
67,2
68,9
69,1
70,5
71,1
72,7
73,1
74,6
75,4
76,7
77,6
78,1
79,1
80,1
81,4
82,1
83,2
84,3
85,1
86,3
87,1
88,8
89,1
90,1
91,1
92,1
93,2
94,1
95,8
96,1
97,1
98,9
99,7
100,3
101,7
102,1
103,9
104,5
105,2
106,3
107,1
108,7
109,1
110,1
111,5
112,4
113,1
114,6
115,1
116,5
117,7
118,1
119,5
120,5
121,9
122,2
123,1
124,8
125,2
126,1
127,1
128,1
129,6
130,1
131,6
132,1
133,5
134,3
135,1
136,9
137,5
138,3
139,7
140,3
141,9
142,1
143,8
144,3
145,5
146,9
147,8
148,1
149,1
150,1
151,3
152,7
153,8
154,1
155,6
156,8
157,4
158,1
159,8
160,4
161,1
162,1
163,5
164,5
165,6
166,1
167,7
168,7
169,1
170,9
171,1
172,4
173,1
174,1
175,1
176,7
177,9
178,6
179,1
180,6
181,6
182,7
183,3
184,1
185,9
186,5
187,7
188,2
189,8
190,5
191,1
192,5
193,6
194,1
195,1
196,8
197,2
198,1
199,4
200,3
201,1
202,2
203,3
204,1
205,1
206,2
207,8
208,7
209,3
210,1
211,4
212,8
213,5
214,1
215,1
216,8
217,2
218,5
219,9
220,2
221,1
222,5
223,7
224,9
225,1
226,9
227,2
228,3
229,1
230,1
231,3
232,5
233,8
234,2
235,5
236,7
237,1
238,2
239,1
240,1
241,6
242,9
243,1
244,7
245,2
246,1
247,9
248,6
249,9
250,1
251,7
252,8
253,7
254,3
255,2
256,3
257,3
258,1
259,3
260,5
261,1
262,1
263,7
264,8
265,2
266,1
267,2
268,7
269,3
270,5
271,6
272,7
273,2
274,6
275,9
276,1
277,1
278,7
279,9
280,8
281,8
282,6
283,9
284,6
285,5
286,4
287,8
288,2
289,3
290,3
291,1
292,9
293,1
294,1
295,1
296,1
297,6
298,6
299,6
300,5
301,6
302,5
303,5
304,2
305,1
306,1
307,1
308,4
309,7
310,5
311,6
312,1
313,1
314,9
315,6
316,1
317,6
318,1
319,1
320,6
321,9
322,3
323,1
324,2
325,1
326,1
327,1
328,5
329,4
330,8
331,7
332,3
333,1
334,3
335,8
336,7
337,1
338,5
339,1
340,1
341,9
342,1
343,5
344,1
345,7
346,6
347,8
348,5
349,6
350,6
351,8
352,1
353,7
354,5
355,1
356,2
357,1
358,2
359,7
360,4
361,1
362,3
363,3
364,8
365,9
366,1
367,9
368,5
369,6
370,3
371,1
372,7
373,6
374,9
375,5
376,7
377,8
378,1
379,9
380,5
381,1
382,1
383,1
384,7
385,5
386,5
387,9
388,5
389,3
390,5
391,1
392,1
393,1
394,2
395,1
396,2
397,8
398,1
399,1
400,2
401,1
402,8
403,1
404,1
405,5
406,1
407,5
408,9
409,1
410,6
411,1
412,5
413,9
414,1
415,1
416,2
417,5
418,1
419,1
420,2
421,1
422,1
423,1
424,1
425,5
426,1
427,7
428,4
429,9
430,5
431,2
432,6
433,1
434,7
435,1
436,1
437,1
438,6
439,1
440,1
441,5
442,2
443,7
444,8
445,2
446,9
447,7
448,1
449,3
450,1
451,9
452,5
453,6
454,1
455,6
456,1
457,3
458,1
459,5
460,2
461,1
462,6
463,6
464,7
465,1
466,7
467,1
468,3
469,4
470,1
471,8
472,1
473,9
474,9
475,1
476,6
477,1
478,7
479,1
480,6
481,1
482,3
483,6
484,8
485,1
486,7
487,1
488,9
489,7
490,3
491,3
492,1
493,7
494,8
495,5
496,1
497,8
498,5
499,1
500,3
501,5
502,1
503,1
504,7
505,7
506,3
507,2
508,9
509,9
510,3
511,5
512,1
513,3
514,6
515,7
516,2
517,1
518,1
519,3
520,1
521,3
522,1
523,1
524,1
525,3
526,1
527,1
528,1
529,6
530,3
531,1
532,3
533,9
534,1
535,1
536,1
537,2
538,3
539,9
540,2
541,1
542,3
543,3
544,1
545,8
546,1
547,8
548,9
549,8
550,7
551,1
552,9
553,1
554,1
555,8
556,1
557,8
558,6
559,4
560,3
561,1
562,1
563,5
564,1
565,7
566,8
567,1
568,1
569,9
570,7
571,1
572,7
573,8
574,1
575,3
576,7
577,1
578,6
579,1
580,1
581,8
582,1
583,5
584,1
585,1
586,1
587,5
588,7
589,2
590,1
591,9
592,1
593,2
594,4
595,5
596,1
597,5
598,6
599,8
600,5
601,3
602,9
603,7
604,3
605,8
606,7
607,1
608,1
609,1
610,1
611,6
612,1
613,7
614,7
615,6
616,1
617,5
618,7
619,6
620,1
621,9
622,1
623,9
624,2
625,5
626,5
627,9
628,5
629,9
630,5
631,7
632,9
633,1
634,1
635,5
636,1
637,8
638,1
639,1
640,2
641,1
642,5
643,7
644,5
645,1
646,8
647,2
648,1
649,4
650,6
651,5
652,4
653,9
654,2
655,1
656,2
657,4
658,5
659,3
660,7
661,9
662,1
663,7
664,3
665,2
666,1
667,1
668,3
669,6
670,1
671,7
672,9
673,5
674,7
675,9
676,9
677,7
678,1
679,2
680,1
681,1
682,7
683,9
684,5
685,1
686,1
687,3
688,6
689,1
690,9
691,3
692,8
693,9
694,2
695,4
696,7
697,1
698,1
699,5
700,7
701,9
702,1
703,1
704,7
705,1
706,5
707,6
708,3
709,8
710,1
711,9
712,1
713,5
714,1
715,6
716,5
717,8
718,9
719,7
720,9
721,9
722,1
723,6
724,1
725,8
726,7
727,1
728,5
729,8
730,2
731,1
732,1
733,1
734,9
735,1
736,1
737,3
738,1
739,1
740,3
741,1
742,2
743,1
744,1
745,2
746,1
747,9
748,1
749,7
750,5
751,5
752,8
753,1
754,1
755,2
756,3
757,8
758,7
759,8
760,4
761,7
762,1
0,1
1,8
2,1
3,7
4,6
5,7
6,2
7,1
8,1
9,8
10,7
11,9
12,6
13,1
14,3
15,5
16,3
17,3
18,1
19,2
20,7
21,1
22,6
23,3
24,4
25,8
26,1
27,3
28,1
29,6
30,6
31,1
32,6
33,1
34,1
35,1
36,3
37,6
38,1
39,1
40,1
41,9
42,1
43,8
44,8
45,4
46,5
47,3
48,6
49,1
50,1
51,3
52,1
53,9
54,2
55,1
56,1
57,1
58,5
59,3
60,2
61,3
62,1
63,1
64,7
65,9
66,3
67,3
68,1
69,1
70,1
71,1
72,1
73,6
74,2
75,1
76,2
77,5
78,1
79,1
80,1
81,1
82,2
83,6
84,7
85,1
86,1
87,1
88,1
89,5
90,3
91,5
92,8
93,3
94,2
95,6
96,5
97,2
98,7
99,5
100,5
101,5
102,6
103,4
104,1
105,9
106,4
107,1
108,1
109,7
110,5
111,9
112,8
113,5
114,3
115,1
116,1
117,6
118,8
119,9
120,8
121,7
122,5
123,4
124,6
125,5
126,1
127,1
128,6
129,2
130,1
131,1
132,3
133,3
134,5
135,1
136,6
137,1
138,3
139,1
140,6
141,1
142,1
143,6
144,3
145,6
146,6
147,2
148,1
149,2
150,1
151,5
152,5
153,2
154,1
155,3
156,1
157,9
158,3
159,1
160,3
161,1
162,2
163,1
164,3
165,8
166,2
167,1
168,9
169,7
170,1
171,1
172,1
173,8
174,7
175,6
176,1
177,1
178,1
179,9
180,8
181,6
182,6
183,6
184,1
185,1
186,9
187,3
188,1
189,6
190,8
191,6
192,2
193,1
194,2
195,9
196,3
197,1
198,1
199,1
200,5
201,7
202,1
203,3
204,6
205,1
206,1
207,3
208,1
209,5
210,6
211,1
212,6
213,8
214,2
215,8
216,6
217,6
218,5
219,8
220,3
221,3
222,2
223,7
224,2
225,6
226,7
227,4
228,2
229,6
230,8
231,6
232,1
233,1
234,5
235,1
236,2
237,5
238,1
239,9
240,7
241,7
242,1
243,1
244,1
245,1
246,9
247,1
248,1
249,7
250,9
251,6
252,7
253,1
254,1
255,1
256,1
257,6
258,9
259,1
260,8
261,1
262,1
263,1
264,1
265,1
266,1
267,1
268,1
269,9
270,9
271,8
272,2
273,1
274,6
275,5
276,3
277,1
278,2
279,1
280,1
281,8
282,1
283,1
284,6
285,1
286,1
287,5
288,3
289,8
290,1
291,3
292,1
293,1
294,1
295,6
296,1
297,2
298,1
299,1
300,1
301,9
302,9
303,1
304,9
305,6
306,5
307,8
308,2
309,7
310,1
311,2
312,1
313,9
314,1
315,1
316,1
317,1
318,1
319,9
320,3
321,1
322,1
323,1
324,3
325,1
326,1
327,1
328,8
329,1
330,1
331,1
332,7
333,7
334,6
335,1
336,8
337,1
338,6
339,7
340,7
341,7
342,7
343,7
344,1
345,9
346,1
347,3
348,1
349,1
350,3
351,1
352,7
353,2
354,8
355,7
356,2
357,9
358,6
359,1
360,1
361,3
362,3
363,5
364,3
365,4
366,8
367,3
368,7
369,3
370,4
371,8
372,5
373,6
374,1
375,8
376,1
377,1
378,4
379,3
380,6
381,3
382,6
383,3
384,1
385,1
386,5
387,5
388,3
389,9
390,3
391,4
392,3
393,9
394,8
395,8
396,1
397,2
398,1
399,5
400,1
401,5
402,1
403,4
404,4
405,6
406,1
407,5
408,1
409,3
410,1
411,8
412,9
413,7
414,1
415,1
416,1
417,1
418,3
419,1
420,3
421,1
422,5
423,1
424,5
425,3
426,1
427,1
428,1
429,1
430,3
431,1
432,5
433,2
434,3
435,9
436,8
437,8
438,7
439,6
440,8
441,7
442,1
443,9
444,6
445,3
446,7
447,9
448,3
449,5
450,5
451,9
452,3
453,9
454,3
455,9
456,8
457,9
458,1
459,5
460,4
461,6
462,2
463,7
464,8
465,2
466,1
467,8
468,6
469,1
470,5
471,1
472,1
473,9
474,1
475,5
476,1
477,3
478,1
479,8
480,5
481,8
482,6
483,1
484,1
485,1
486,1
487,7
488,2
489,3
490,1
491,4
492,1
493,9
494,1
495,1
496,1
497,3
498,6
499,3
500,6
501,2
502,8
503,1
504,5
505,7
506,6
507,1
508,9
509,1
510,6
511,3
512,5
513,3
514,1
515,5
516,2
517,5
518,6
519,7
520,2
521,8
522,8
523,1
524,3
525,9
526,3
527,1
528,1
529,5
530,2
531,1
532,8
533,9
534,1
535,9
536,7
537,8
538,1
539,1
540,1
541,2
542,1
543,8
544,2
545,9
546,1
547,9
548,8
549,1
550,1
551,6
552,1
553,1
554,1
555,1
556,1
557,2
558,7
559,1
560,6
561,4
562,1
563,1
564,8
565,3
566,6
567,1
568,2
569,6
570,5
571,1
572,7
573,2
574,1
575,7
576,1
577,1
578,7
579,3
580,6
581,1
582,8
583,8
584,3
585,1
586,1
587,7
588,3
589,1
590,1
591,7
592,6
593,5
594,6
595,1
596,2
597,5
598,6
599,1
600,1
601,1
602,1
603,7
604,7
605,1
606,5
607,7
608,1
609,8
610,1
611,1
612,7
613,9
614,2
615,1
616,6
617,2
618,1
619,9
620,7
621,1
622,1
623,9
624,5
625,1
626,1
627,4
628,6
629,1
630,1
631,9
632,4
633,3
634,6
635,1
636,1
637,6
638,9
639,8
640,1
641,1
642,2
643,2
644,1
645,1
646,1
647,8
648,5
649,7
650,8
651,1
652,1
653,7
654,1
655,1
656,5
657,7
658,1
659,8
660,1
661,1
662,2
663,9
664,8
665,1
666,1
667,5
668,1
669,3
670,9
671,1
672,1
673,7
674,1
675,7
676,3
677,1
678,1
679,5
680,1
681,1
682,1
683,8
684,1
685,7
686,4
687,1
688,2
689,7
690,1
691,6
692,5
693,1
694,1
695,1
696,9
697,3
698,5
699,1
700,9
701,3
702,2
703,9
704,6
705,1
706,1
707,9
708,2
709,5
710,1
711,3
712,8
713,2
714,2
715,5
716,4
717,1
718,1
719,2
720,8
721,7
722,9
723,9
724,1
725,1
726,1
727,5
728,1
729,6
730,9
731,3
732,1
733,1
734,1
735,1
736,7
737,4
738,5
739,1
740,2
741,3
742,3
743,8
744,2
745,5
746,9
747,1
748,1
749,1
750,2
751,9
752,8
753,1
754,3
755,1
756,3
757,6
758,3
759,2
760,4
761,1
762,1
0,3
1,6
2,9
3,1
4,7
5,6
6,1
7,5
8,1
9,3
10,1
11,2
12,7
13,1
14,7
15,8
16,7
17,5
18,6
19,9
20,6
21,7
22,3
23,2
24,8
25,7
26,1
27,1
28,8
29,7
30,1
31,1
32,1
33,2
34,1
35,9
36,1
37,5
38,7
39,3
40,9
41,8
42,8
43,1
44,3
45,9
46,4
47,3
48,1
49,1
50,2
51,1
52,6
53,8
54,1
55,3
56,9
57,1
58,1
59,5
60,1
61,3
62,3
63,5
64,1
65,5
66,3
67,6
68,8
69,1
70,1
71,3
72,1
73,7
74,5
75,1
76,3
77,2
78,6
79,1
80,5
81,5
82,2
83,8
84,9
85,8
86,8
87,8
88,1
89,3
90,2
91,1
92,1
93,1
94,1
95,4
96,1
97,9
98,1
99,1
100,8
101,1
102,8
103,5
104,9
105,7
106,2
107,1
108,7
109,1
110,1
111,1
112,2
113,1
114,6
115,9
116,6
117,3
118,1
119,2
120,5
121,3
122,1
123,1
124,1
125,1
126,1
127,4
128,1
129,1
130,3
131,1
132,8
133,1
134,1
135,9
136,7
137,1
138,3
139,3
140,9
141,9
142,9
143,7
144,1
145,3
146,5
147,3
148,8
149,3
150,1
151,3
152,2
153,3
154,1
155,8
156,6
157,1
158,1
159,2
160,1
161,1
162,3
163,5
164,5
165,9
166,3
167,7
168,5
169,3
170,8
171,8
172,1
173,7
174,8
175,5
176,1
177,9
178,1
179,5
180,1
181,2
182,2
183,6
184,1
185,1
186,5
187,1
188,2
189,1
190,1
191,3
192,8
193,5
194,1
195,4
196,5
197,7
198,1
199,1
200,9
201,6
202,9
203,9
204,2
205,3
206,7
207,1
208,7
209,5
210,8
211,5
212,1
213,1
214,4
215,8
216,1
217,1
218,1
219,9
220,8
221,8
222,1
223,1
224,1
225,6
226,1
227,9
228,1
229,3
230,7
231,1
232,2
233,6
234,3
235,8
236,3
237,7
238,4
239,8
240,9
241,3
242,1
243,1
244,1
245,1
246,5
247,1
248,1
249,4
250,2
251,2
252,5
253,1
254,3
255,9
256,2
257,1
258,1
259,9
260,2
261,2
262,1
263,8
264,6
265,3
266,2
267,3
268,8
269,1
270,1
271,1
272,7
273,1
274,1
275,6
276,4
277,1
278,4
279,8
280,9
281,1
282,2
283,7
284,6
285,1
286,2
287,6
288,1
289,2
290,2
291,8
292,2
293,9
294,4
295,1
296,1
297,2
298,5
299,1
300,1
301,8
302,1
303,2
304,1
305,1
306,2
307,7
308,9
309,2
310,9
311,1
312,6
313,1
314,3
315,6
316,1
317,1
318,9
319,9
320,1
321,3
322,9
323,8
324,1
325,1
326,1
327,6
328,9
329,1
330,1
331,1
332,3
333,5
334,1
335,1
336,1
337,6
338,3
339,2
340,1
341,7
342,5
343,1
344,1
345,1
346,9
347,6
348,3
349,6
350,7
351,1
352,6
353,8
354,9
355,9
356,3
357,2
358,1
359,2
360,5
361,1
362,8
363,1
364,4
365,5
366,5
367,8
368,5
369,1
370,1
371,7
372,1
373,2
374,1
375,5
376,3
377,5
378,5
379,1
380,3
381,2
382,8
383,8
384,9
385,7
386,3
387,1
388,1
389,1
390,1
391,1
392,1
393,4
394,8
395,1
396,1
397,5
398,1
399,7
400,1
401,2
402,1
403,1
404,9
405,7
406,9
407,9
408,6
409,3
410,2
411,2
412,8
413,1
414,1
415,1
416,1
417,2
418,1
419,1
420,1
421,1
422,5
423,5
424,1
425,2
426,1
427,1
428,7
429,7
430,8
431,1
432,7
433,6
434,1
435,6
436,2
437,8
438,5
439,1
440,8
441,2
442,2
443,1
444,2
445,1
446,9
447,7
448,1
449,1
450,1
451,6
452,9
453,1
454,2
455,1
456,7
457,3
458,1
459,1
460,1
461,2
462,7
463,8
464,1
465,8
466,2
467,7
468,1
469,7
470,1
471,1
472,3
473,2
474,4
475,6
476,9
477,5
478,5
479,2
480,5
481,1
482,7
483,6
484,2
485,1
486,1
487,1
488,1
489,1
490,5
491,7
492,7
493,1
494,6
495,6
496,1
497,9
498,1
499,6
500,1
501,6
502,1
503,9
504,6
505,4
506,1
507,3
508,1
509,1
510,1
511,1
512,8
513,1
514,3
515,2
516,1
517,3
518,1
519,9
520,8
521,2
522,9
523,7
524,1
525,1
526,2
527,2
528,1
529,1
530,5
531,9
532,9
533,1
534,1
535,5
536,1
537,7
538,5
539,5
540,5
541,1
542,1
543,1
544,1
545,8
546,7
547,2
548,9
549,1
550,4
551,1
552,4
553,1
554,7
555,1
556,1
557,5
558,2
559,3
560,1
561,1
562,4
563,8
564,1
565,1
566,6
567,3
568,1
569,2
570,7
571,1
572,8
573,5
574,7
575,7
576,1
577,1
578,5
579,5
580,3
581,1
582,5
583,1
584,3
585,9
586,3
587,1
588,5
589,6
590,1
591,6
592,1
593,1
594,9
595,9
596,1
597,1
598,7
599,1
600,2
601,5
602,7
603,1
604,2
605,3
606,9
607,1
608,1
609,1
610,2
611,2
612,5
613,8
614,1
615,1
616,3
617,2
618,1
619,1
620,2
621,1
622,9
623,1
624,6
625,1
626,2
627,8
628,1
629,1
630,5
631,1
632,1
633,1
634,6
635,7
636,5
637,8
638,1
639,8
640,7
641,5
642,2
643,1
644,2
645,4
646,1
647,1
648,5
649,9
650,3
651,8
652,1
653,1
654,8
655,1
656,2
657,1
658,5
659,5
660,6
661,3
662,6
663,7
664,1
665,1
666,5
667,1
668,5
669,9
670,1
671,1
672,5
673,1
674,7
675,7
676,6
677,9
678,5
679,1
680,5
681,8
682,2
683,1
684,1
685,9
686,9
687,6
688,1
689,1
690,3
691,1
692,2
693,8
694,6
695,2
696,7
697,1
698,3
699,6
700,6
701,2
702,2
703,1
704,2
705,1
706,5
707,1
708,1
709,8
710,1
711,7
712,9
713,8
714,1
715,1
716,3
717,3
718,2
719,7
720,1
721,1
722,1
723,2
724,1
725,1
726,9
727,1
728,1
729,9
730,3
731,1
732,1
733,8
734,3
735,8
736,8
737,6
738,1
739,1
740,3
741,2
742,6
743,1
744,9
745,4
746,1
747,1
748,5
749,3
750,1
751,2
752,1
753,1
754,1
755,1
756,5
757,9
758,3
759,1
760,1
761,2
762,7
